,urls
0,http://sportpersonafootball.com
1,http://www.11x11.ru/?ref=438628
2,x-sp.ru
3,www.hockeyteam.ucoz.ru
4,http://www.vhlru.ru/
5,http://armaartis.ru/media/
6,Бокс2014-2015
7,www.mnogomaek.ru
8,www.sport-iv.ru
9,:-)
10,http://hockey-city.ru/
11,http://www.11x11.ru/?ref=1187317
12,VSPLANET.NET
13,олег тв
14,eurosport.ru
15,http://stars69.printdirect.ru/
16,www.boxfit.ru
17,http://fhr.ru/main/ www.championat.com Sports.ru NHL.RU KHL.RU
18,www.muaythaishop.ru
19,http://boutique-m.ru/
20,e-collection.ru
21,www.rfs.ru
22,http://forum.olimpschool.ru/
23,http://print.evelsoniya.ru/
24,http://panor.ru/journals/hockey/
25,https://boxing-champion.ru/
26,https://dastboxes.ru
27,http://fhr.ru/
28,example.com
29,http://www.khl.ru/
30,Instagram: Lux_shop_box
31,http://fso-hockeymoscow.ru
32,http://fratria.ru/blog/vcsm/index.php?s=3340daa6ebe57052843f071aec0c7c0e&
33,www.prouddance.ru
34,http://o-shirt.net/
35,net
36,loveboxmsk.ru
37,www.maryno-club.ucoz.ru
38,Mightyclub.ru
39,http://www.konasov.ru/
40,http://www.bcural.ru/
41,http://11x11.ru/?ref=623317
42,http://www.fieldhockey.ru/
43,На разработке
44,http://basketyu.ru/
45,www.myspace.com/pobox
46,www.topten-hayashi.ru
47,http://magfutbolok.ru/
48,http://protransfers.ru/
49,пока еше нет
50,http://jns.h2m.ru
51,http://business-boks.ru/
52,www.bvre.ru
53,http://www.fashionsport.ru/
54,www.bella-show.ru
55,https://t.me/futbol_bets
56,insideboxing.ru
57,http://www.11x11.ru/?ref=267367
58,http://park-gorkogo.com/sport/volleyball.phtml
59,http://redstarmusic.ru/#/Artist_5b64ce67-227a-47c8-9763-590edd4528d9.aspx
60,http://www.sport-alliance.ru/
61,http://invest-box.ru/
62,www.stefco.ru
63,http://what_is_love.printdirect.ru/index.php?partner_id=44364
64,www.flareform.ru
65,http://konkurs.zvezdaudachi.com/catalog/13/13/id/9084
66,http://www.profkomvmk.ru/node/291
67,http://www.rfs.ru/main/
68,**************
69,www.todes.org
70,http://b0xing.ru
71,http://paricapper.com
72,"http://need4game.ru/ - отличный сайт, всем рекоммендую."
73,http://nhl.com
74,http://www.soccer.ru/england
75,gumiha@mail.ru
76,http://sportivno.net/category/futbol/
77,http://wfc-box.bxpay.ru/
78,http://icehockey.printdirect.ru/
79,http://kabluka.net/
80,http://www.hockeyboss.ru/?p=13345
81,http://neformalno.ru
82,http://www.fhr.ru/
83,"Самые свежие новости, только здесь в одной группе!"
84,american-football.ru
85,www.баскетбольная-форма.su
86,ВамИгрушка.рф
87,www.hofl.ru
88,http://yourwear.ru/
89,http://boxclubg.ru/
90,www.khl.ru-www.FHR.ru
91,tj-box.ru
92,https://vag.moscow/
93,https://sport4you.one
94,terball.ru
95,http://www.11x11.ru/?ref=14900
96,http://gitis.net/rus/faculty/ballet/index.shtml
97,https://www.myscore.ru/hockey/
98,http://hockeyterritory.ru/
99,http://www.ligaonline.ru
100,ars-gym.com
101,http://moscow.ilovebasket.ru/team/?id=10926&compId=20766&tab=0
102,www.totalfootball.ru
103,http://box23-9.ru/
104,К сожелению у нас его нет((((((((
105,http://www.gdepoigrat.ru/
106,stb-shop.ru
107,grandboxes.2005@gmail.com
108,http://www.blizzshot.ru/
109,http://bc-storm.ru/
110,юныйармеец.рф
111,www.fly-camp.ru
112,http://www.11x11.ru/?ref=85492
113,http://www.varyagclub.ru
114,h-d-v.ru
115,www.redboxco.ru
116,http://bis-land.ru/; http://www.bikbaevdima.com/
117,https://clck.ru/MuNjW
118,http://11x11.ru/?ref=1808048
119,ofmanager.net
120,basketboll.com
121,tlgg.ru/kitai_device_bot
122,http://findsport.ru/section/volleyball/svobodnye_igry_v_voleybol_ot_ball_club_dlya_odnogo_1050
123,www.webhl.ru
124,www.boxform.ru
125,www.shakhtar.com
126,www.hockeyplus.pro
127,http://mhl.khl.ru/
128,boxing-academy.ru
129,gubkin.ru
130,mmbasket.narоd.ru
131,в стадии разработки
132,http://www.smotri-futbol.ucoz.ru/
133,https://kopirka.ru/uslugi/suvenirnaya-produktsiya/foto-na-futbolke/
134,http://mirsnovedeniy.tiu.ru/
135,http://www.11x11.ru/?ref=902900
136,http://f-butik.ru/
137,http://boxik.net
138,rtbf.ru
139,http://www.moscow-basket.ru/
140,id134009768club
141,http://ya-mayka.com
142,http://table-hockey.ru
143,WWW.BATS.RU
144,http://setinbox.com/
145,http://www.championshockeyleague.com
146,http://www.nextgame.guru
147,http://www.vvkz.ru/
148,http://worldnba.ucoz.ru/
149,http://www.royjonesjr.ru
150,www.vostryakovo.com
151,www.tdbullit.ru
152,championat-football.ru
153,https://www.drive2.ru/users/service-man/#blog
154,http://sportfort.ru/ShTILJ   http://www.volleymsk.ru/ap/team.php?id=492
155,https://AS25.RU
156,www.3d-style.ru
157,http://basketball.sportedu.ru/
158,ucase.ru
159,www.grimace.ru
160,http://Gfx2life.my1.ru
161,http://phoenix-x.ru
162,http://goo.gl/aZHUhh
163,http://www.livemaster.ru/ladusska
164,fanofsport.ru
165,www.bodik-art.ru (пока в процессе создания :))
166,www.starfighters.club
167,WWW.3291-MUSIC.COM
168,cska-hockey.ru
169,VINLI.PRINTIO.RU
170,www.showgrand.ru
171,http://lebedoff.ru
172,AND1.COM
173,box4girl.ru
174,http://www.grand-ballet.ru/
175,www.metallurg.ru
176,www.bloomybox.ru
177,http://vektorsport.ru/nashi-uslugi/osnovy-lichnoj-bezopasnosti-i-samooborony.html
178,http://tj-shoes.nethouse.ru/
179,http://UinSell.net
180,http://www.ramondekkers.ru/
181,http://shop.football-life.pro/
182,http://elmag-design.ru/
183,http://vr-box.xn----7sbpb4ab0aehk0b.xn--p1ai/
184,http://megashmot.ru/blog
185,Еще делается
186,www.fa13.info
187,www.hockeyinfo.ru
188,promo-project.com
189,www.kes-basket.ru
190,SoccerLights.ru
191,http://sport.bigmir.net/video/basketball
192,http://www.11x11.ru/?ref=344943
193,http://basketmanager.ru/
194,dush.volebol
195,http://meneger.net
196,http://mashumaro.ru/
197,http://www.nba.com
198,http://u.to/RMjVBA
199,http://boxcargo.ru
200,www.fabricafutbolok.ru
201,yzniki_oskobana
202,hockey-russia.ucoz.com
203,бэбибумбокс.рф
204,http://footorg.ru/chart.php
205,http://kupebox.ru
206,щас скажу батяня!
207,СМОТРИ БАЛЕТ СУКА!1111 ОНОТОЛЕ НЕГОДУЕ!111 СВОБОДА РАВЕНСТВО УПЯЧКА!11111!1С.Р.У111111111!!! ГЛАНДЭ1
208,http://printfutbolka.ru/
209,http://maykipro.ru/
210,"Rap - наша ""религия"" (Hip-Hop) ▪ Мы любим Rap, Hip-Hop и R&B. Все самое главное о Рэп и Хип-Хоп куль"
211,http://www.varyag-club.ru/   www.клубсталь.рф
212,http://forum.krasnoznamensk.ru/index.php?showtopic=8072
213,foxy-boxy.com
214,.....
215,в скором открытии
216,www.mult-box.ru
217,www.sports.ru/tv
218,Juniorchampion.ru
219,www.2turbo.ru
220,http://camp.stephockey.ru
221,www.yoga-box.ru
222,RAP.RU
223,http://www.livemaster.ru/myshop/buryan
224,http://dussh70.ucoz.ru/
225,http://arenamorozovo.ru
226,http://lfl.ru/club953
227,vk евгений малкин
228,Ты на нём:D
229,print-impress.ru
230,http://www.mbe-moscow.ru
231,www.streetbasket.ru
232,http://skscorpion.narod.ru/
233,http://www.balletmoskva.ru/m1
234,https://iihf2016.ru/
235,www.smileinbox.wix.com/look
236,hooligan.myprintbar.ru
237,www.barca.ru
238,http://shop-mayki.ru/
239,https://тимплей.рф
240,http://www.soccerlife.ru
241,ул. Летниковская д. 11/10
242,lifetaste.ru
243,http://www.nba.com                  http://www.fiba.com http://www.vkorzine.com
244,http://www.ballet.classical.ru/
245,http://thebonnybox.ru/
246,http://basket-forever.ru
247,www.walnutbox.ru
248,http://www.vsemayki.ru/?ref=48826
249,Будет сделан в конце октября
250,www.hczvezda.net
251,www.gold-tips.ru
252,http://www.tattoo3000.ru/
253,http://flyers.nhl.com/
254,https://salermo.su
255,http://www.nhl.ru/ - сайт НХЛ
256,http://alldatesbox.com/
257,101.RU
258,http://birdboxstudio.com
259,www.mlbl.ru
260,soccer-restore.ru
261,http://www.matistudio.ru/
262,sportbox/ru
263,...
264,http://tofight.ru/
265,footbilli.com
266,"http://ziwzih.ru, http://ghostbox.co.uk"
267,http://vrbox2-shop.ru/
268,http://adamantshow.ru/
269,www.macsimym.ru
270,http://tolstoffka.ru/
271,www.borisboxing.ru
272,http://www.sport-uzao.ru/
273,http://art-sk.ru/
274,http://www.russiabasket.ru
275,http://магазин-футболки.рф/cat/60
276,www.nba.com/global/adidas5ive/russia
277,http://www.sports.ru/tags/1694525.html
278,http://www.hockey.ru/
279,http://boxko.ru/
280,http://rfs.ru/
281,http://www.fiba.com/     http://www.nba.com/
282,6player.ru
283,http://megashmot.ru/index/magaziny/0-49
284,http://11x11.ru/?ref=126034
285,Сами себе хозяины.
286,www.trendoff.ru
287,www.marathonbet.com
288,http://futbolkaa.ru/category/futbolki-dlya-molodozhenov/subcat/devichnik_i_malchishnik/
289,http://www.football-fellowship.com/
290,http://xn-----6kccdh2bhbiebzzd2bhde.xn--p1ai/
291,http://shik-balet.ru/
292,boxbuy.ru
293,http://bison.ru/mbl/?inft&id=48c6192264c82
294,https://teleg.run/MLBbetting
295,http://ipower-box.ru/
296,WWW.beatbox.ru
297,http://4thdimension.nsk.ru:4/
298,http://www.world-art.ru/animation/animation.php?id=7039
299,www.mfoot.ru
300,http://hc-unicom.ucoz.ru/
301,www.lubimenya.com
302,www.magazin-futbolok.su
303,www.berrybox.ru
304,Best-futbolka.ru
305,football-galaxy.com/basket.html
306,profimoscow.com
307,WWW.NHL.RU
308,https://boxproject.ru/
309,venomgym.ru
310,http://zvezdybaleta.ru/
311,http://www.NHL.ru http://www.nhl.com/
312,magic-boxs.com
313,www.cskabasket.com
314,"http://www.khl.ru/,http://www.championat.ru/, http://allhockey.ru/"
315,www.mirbox.web-box.ru
316,Konzeptual.ru / www.Концептуал.рф
317,http://futbolka-go.ru
318,https://teleg.run/joinchat/AAAAAFTeL22b0U_0JKhbWg
319,www.sovsport.ru
320,www.artdanceclub.ru
321,https://foootballl.online
322,http://скоро_будет_и_очень_красиво
323,http:/www.footgoods.ru
324,www.zakkary.ru
325,hhh@hockey
326,footballbox.ru
327,www.kardeshlek.ru
328,http://sdelanounas.ru
329,www.sporttec.ru           www.newbreath.ru
330,l2rx.com
331,bestballbet.com
332,http://ask.fm/Nost13
333,www.2points.ru
334,www.basketbol.ru
335,http://ks-sport.ru/?page_id=3
336,http://www.salon-zerkal.ru
337,http://www.khl.ru/ http://www.fhr.ru/
338,www.ftbteam.ru
339,www.sharkattack.ru
340,http://hockey-club.ru/
341,http://www.khlshans.ru/
342,braggart-world.ru
343,BoxNation.ru
344,realboxing.pro
345,www.hockey-fight.ucoz.com
346,peXsik.com
347,http://4-5-1.ru/
348,www.sumirea.ru
349,http://biletset.ru/
350,http://www.euro-football.ru/       http://www.ftables.      http://www.eurosport.ru
351,http://www.mipkif.ru/
352,http://www.rusbv.ru
353,http://allbasketball.ru
354,www.MyJewelBox.ru
355,gulian24.ru
356,http://www.yadancer.ru/
357,http://www.11x11.ru/?ref=42868
358,http://www.cskabasket.com/
359,http://бокс-детям.рф/
360,https://creative-box.arxip.com/
361,http://trast-zapchast.ru
362,http://bmans.mybb.ru
363,CDKA.su
364,Maykiprint.online
365,http://musicboxtv.ru
366,www.uefa.com
367,http://artistov.com/cntnt/artists/gold_digge.html
368,mosconsv.ru
369,http://nba-swingman-jersey.narod2.ru
370,hockeygym.narod.ru
371,http://www.fso-hockeymoscow.ru
372,s73.mossport.ru
373,http://yas725.narod.ru/index11.html
374,https://footbolka.ru/
375,https://osm_online.join.football
376,http://fasil.ru
377,""""""""""""""""""""""""""""""""
378,world-gym.com
379,https://pro-dvigenie.ru/
380,sekredъ
381,http://гроу-бокс-сервис.рф/
382,http://blackboxrevelation.com/
383,http://katushkin.ru/groups/1966
384,http://www.gfg.club
385,http://kes-basket.ru/
386,Имеется)
387,http://www.11x11.ru/?ref=574313
388,http://www.tvoimayki.ru/
389,http://art-decades.ru
390,http://www.odance.ru/
391,http://www.boxing.ru/
392,https://www.betonsuccess.ru/sub/109354/LiveBest.Vo.U/stats/all/
393,http://www.11x11.ru/?ref=442495
394,http://bcoctober.com
395,http://www.livemaster.ru/paintedstuff
396,Balletballet.com
397,http://big-box-fail.at.ua/
398,creativefootball.ru
399,TeeFace.ru
400,vsemayki.in
401,http://lgfl.ru/panteon.html
402,http://www.studentsport.ru/sports/hockey/
403,http://shop.fcollection.ru/
404,http://ball.3hockey.ru/
405,goo.gl/HlEFLs
406,http://11x11.ru/xml/main/logout.php?do=logout
407,http://volleymsk.ru/
408,www.foxyprint.ru
409,www.daxna.ru
410,http://3dsmilebox.ru/
411,www.goalunited.org
412,http://baller.my1.ru
413,http://lp46639.myflexbe.com/
414,www.dance-msk.ru
415,http://t-lovers.ru
416,http://www.moscow-basket.ru/   http://wmbl.moscow-basket.ru/
417,http://football-lviv.com.ua/world-football_ru/?view=1
418,Merengues.ru
419,http://rusfan.ru/club/804
420,www.AND1.ru
421,http://www.natappbox.ru
422,http://modlife.com/angelsandairwaves
423,Instagram.com/hc_arena_bobry
424,http://www.boostwear.ru/
425,http://fstyle.ru/
426,fotballplushockey.ru
427,http://www.sdcentr.ru/vesboys.shtml
428,1001futbolka.ru
429,"http://ru.uefa.com/,http://transfermarkt.de/"
430,www.futbolka-project.ru
431,www.boxhoff.com
432,http://www.basket-imperia.ru/
433,http://bbboxx.ru
434,http://mixinbox.ru/
435,www.fsk-lider.com
436,http://deevse.wix.com/boxing
437,http://dlyaavto.ru
438,http://www.basketteam.ru
439,http://www.olympicsport.ru/2/66/0/
440,http://tv-tube.ru
441,http://ofsaidov.net
442,http://dunkanclub.ru/?ipage=43
443,http://prestolov.printdirect.ru/index.php?partner_id=44364
444,"http://www.basketball.ru/ ,,   http://www.nba.ru/    http://www.nba.com/"
445,http://hockey.sportedu.ru/info
446,http://www.vash-box.ru
447,the-box.ru
448,www.cska-hockey.ru
449,В контакте))
450,http://extrafitness.ru/
451,khl.ru
452,http://avtodor-metar.ru/
453,http://utc-master.ru/
454,voleibol
455,http://baskbyul.3dn.ru/
456,http://www.udarnik-fedukovo.ru/events/arenda-ringov/
457,http://www.winnwellcleanhockey.ca
458,http://www.odnoklassniki.ru/f.n.t.v
459,http://www.puma.com
460,http://nba-live.ucoz.ru/
461,http://www.rollerhockey.ru/shop/index.php?page=shop.manufacturer_page&manufacturer_id=13&output=lite&option=com_virtuemart&Itemid=22&vmcchk=1&Itemid=22
462,www.iceglam.ru
463,http://www.bagboss.ru
464,http://volley-team.ucoz.ru/
465,http://TotalBoxing.ru
466,http://boxcity.moscow/
467,http://mychamp.ru/clubs/14847
468,http://futbolkadamayka.ru/
469,http://www.championat.ru
470,http://reu-sport.ru/?page_id=722
471,http://www.11x11.ru/?ref=517020
472,http://www.championat.ru/
473,www.chichibalet.narod.ru
474,http://gitis.net
475,http://www.live-goal.ru
476,http://www.11x11.ru/?ref=305690
477,http://rmtf.ru/
478,http://volleyball.sport-lives.com/rules/volleyball_game_structure.html
479,www.stadion-sokol.com
480,hock.best
481,http://matchgoal.at.ua
482,http://www.11x11.ru/?ref=337889
483,http://megashmot.ru/
484,в разработке.. loading [IIIIIIIIIIII 85% ]
485,club43012141
486,http://mayflower.printdirect.ru/
487,https://tolstovka-futbolka.ru
488,https://storage.cargo-avto.ru
489,http://kaewsamrit-gym.ru
490,http://football.mts.ru
491,www.11x11.ru
492,http://profootballgroup.ru
493,http://tommyangelo.myprintbar.ru/
494,http://www.sports.ru/tribuna/blogs/rushockey/
495,http://den4ik.ru/mayki-shop.html
496,bomba-show.ru
497,http://greenboxx.ru/
498,http://11x11.ru/register/?ref=1500477
499,www.reebok.ru
500,http://www.alexfitness.ru/msk/khimki
501,http://www.mfkdinamo.ru/
502,32505
503,https://xn----btbthdfue2abgefh2j.xn--p1acf/
504,http://www.eafangames.com
505,http://ontrend.ru/collection/family-look/futbolki-tolstovki-dlya-molodozhenov
506,Соколинка./хоккей.club50141784
507,Basket©
508,WWW.XK-AVI.RU
509,www.boks260.jimdo.com/
510,mlbl.ru
511,www.championat.ru
512,https://boxfab.ru/
513,http://refcenter.f-ball.ru
514,pfc-cska.com
515,http://futbalki.vsemaykishop.ru
516,http://vrlink.ru/
517,http://taktika.in/products/byhierarchy/48/76
518,kidshockey.ru
519,www.nhl-fans.net.ru
520,progressfootball.ru
521,volosport.ru
522,http://megashmot.ru/blog/the_mountain/1-0-16
523,umkabm.ru
524,http://funny-fut.ru
525,www. россия/ru
